Date,Sent Amount,Sent Currency,Received Amount,Received Currency,Fee Amount,Fee Currency,Net Worth Amount,Net Worth Currency,Label,Description,TxHash
2022-01-17 17:00:00,,,0.143392,OSMO,,,,,staking,lp_reward,osmo16kcdjt4rvskyeuadt6hp850v529wtd9ucdxmum.2022-01-17.OSMO
2022-01-16 17:00:00,,,0.141309,OSMO,,,,,staking,lp_reward,osmo16kcdjt4rvskyeuadt6hp850v529wtd9ucdxmum.2022-01-16.OSMO
2022-01-15 17:00:00,,,0.140435,OSMO,,,,,staking,lp_reward,osmo16kcdjt4rvskyeuadt6hp850v529wtd9ucdxmum.2022-01-15.OSMO
2022-01-14 17:00:00,,,0.137568,OSMO,,,,,staking,lp_reward,osmo16kcdjt4rvskyeuadt6hp850v529wtd9ucdxmum.2022-01-14.OSMO
2022-01-13 17:00:00,,,0.159436,OSMO,,,,,staking,lp_reward,osmo16kcdjt4rvskyeuadt6hp850v529wtd9ucdxmum.2022-01-13.OSMO
2022-01-12 17:00:00,,,0.157821,OSMO,,,,,staking,lp_reward,osmo16kcdjt4rvskyeuadt6hp850v529wtd9ucdxmum.2022-01-12.OSMO
2022-01-11 17:00:00,,,0.156118,OSMO,,,,,staking,lp_reward,osmo16kcdjt4rvskyeuadt6hp850v529wtd9ucdxmum.2022-01-11.OSMO
2022-01-10 17:00:00,,,0.151135,OSMO,,,,,staking,lp_reward,osmo16kcdjt4rvskyeuadt6hp850v529wtd9ucdxmum.2022-01-10.OSMO
2022-01-09 17:00:00,,,0.145746,OSMO,,,,,staking,lp_reward,osmo16kcdjt4rvskyeuadt6hp850v529wtd9ucdxmum.2022-01-09.OSMO
2022-01-08 17:00:00,,,0.145142,OSMO,,,,,staking,lp_reward,osmo16kcdjt4rvskyeuadt6hp850v529wtd9ucdxmum.2022-01-08.OSMO
2022-01-07 17:00:00,,,0.140171,OSMO,,,,,staking,lp_reward,osmo16kcdjt4rvskyeuadt6hp850v529wtd9ucdxmum.2022-01-07.OSMO
2022-01-06 17:00:00,,,0.165764,OSMO,,,,,staking,lp_reward,osmo16kcdjt4rvskyeuadt6hp850v529wtd9ucdxmum.2022-01-06.OSMO
2022-01-05 17:00:00,,,0.165767,OSMO,,,,,staking,lp_reward,osmo16kcdjt4rvskyeuadt6hp850v529wtd9ucdxmum.2022-01-05.OSMO
2022-01-04 17:00:00,,,0.173724,OSMO,,,,,staking,lp_reward,osmo16kcdjt4rvskyeuadt6hp850v529wtd9ucdxmum.2022-01-04.OSMO
2022-01-03 17:00:00,,,0.164672,OSMO,,,,,staking,lp_reward,osmo16kcdjt4rvskyeuadt6hp850v529wtd9ucdxmum.2022-01-03.OSMO
2022-01-02 17:00:00,,,0.164679,OSMO,,,,,staking,lp_reward,osmo16kcdjt4rvskyeuadt6hp850v529wtd9ucdxmum.2022-01-02.OSMO
2022-01-01 17:00:00,,,0.164344,OSMO,,,,,staking,lp_reward,osmo16kcdjt4rvskyeuadt6hp850v529wtd9ucdxmum.2022-01-01.OSMO
2021-12-31 17:02:45,,,174.638188,BTSG,,,,,,,B1AD9532C131B1EBD738E76CD49B73D92822691B78A4053CCAFFC95FBF490582-126
2021-12-31 17:00:00,,,0.163616,OSMO,,,,,staking,lp_reward,osmo16kcdjt4rvskyeuadt6hp850v529wtd9ucdxmum.2021-12-31.OSMO
2021-12-30 17:00:00,,,0.240544,OSMO,,,,,staking,lp_reward,osmo16kcdjt4rvskyeuadt6hp850v529wtd9ucdxmum.2021-12-30.OSMO
2021-12-30 16:20:55,,,95.926574,OSMO,,,,,staking,,9098C244C3F224E0B40611FE5AF6734F4879873D805A5C1AAC8D2E1BE1443B7C-0
2021-12-29 17:00:00,,,0.239136,OSMO,,,,,staking,lp_reward,osmo16kcdjt4rvskyeuadt6hp850v529wtd9ucdxmum.2021-12-29.OSMO
2021-12-28 17:00:00,,,0.236472,OSMO,,,,,staking,lp_reward,osmo16kcdjt4rvskyeuadt6hp850v529wtd9ucdxmum.2021-12-28.OSMO
2021-12-27 17:00:00,,,0.239469,OSMO,,,,,staking,lp_reward,osmo16kcdjt4rvskyeuadt6hp850v529wtd9ucdxmum.2021-12-27.OSMO
2021-12-26 17:00:00,,,0.238681,OSMO,,,,,staking,lp_reward,osmo16kcdjt4rvskyeuadt6hp850v529wtd9ucdxmum.2021-12-26.OSMO
2021-12-25 17:00:00,,,0.233196,OSMO,,,,,staking,lp_reward,osmo16kcdjt4rvskyeuadt6hp850v529wtd9ucdxmum.2021-12-25.OSMO
2021-12-24 17:00:00,,,0.212019,OSMO,,,,,staking,lp_reward,osmo16kcdjt4rvskyeuadt6hp850v529wtd9ucdxmum.2021-12-24.OSMO
2021-12-23 17:00:00,,,0.289137,OSMO,,,,,staking,lp_reward,osmo16kcdjt4rvskyeuadt6hp850v529wtd9ucdxmum.2021-12-23.OSMO
2021-12-22 17:00:00,,,0.284532,OSMO,,,,,staking,lp_reward,osmo16kcdjt4rvskyeuadt6hp850v529wtd9ucdxmum.2021-12-22.OSMO
2021-12-21 17:38:47,11.596053,OSMO,1860.326918,LUM,,,,,,,932FE0CE1A152A9142D638DD892D48FE2AC63B6F721CFC021A28A34CBFD0B3D0-0
2021-12-21 17:00:00,,,0.283092,OSMO,,,,,staking,lp_reward,osmo16kcdjt4rvskyeuadt6hp850v529wtd9ucdxmum.2021-12-21.OSMO
2021-12-20 17:00:00,,,0.280294,OSMO,,,,,staking,lp_reward,osmo16kcdjt4rvskyeuadt6hp850v529wtd9ucdxmum.2021-12-20.OSMO
2021-12-19 17:00:00,,,0.270363,OSMO,,,,,staking,lp_reward,osmo16kcdjt4rvskyeuadt6hp850v529wtd9ucdxmum.2021-12-19.OSMO
2021-12-18 17:00:00,,,0.27116,OSMO,,,,,staking,lp_reward,osmo16kcdjt4rvskyeuadt6hp850v529wtd9ucdxmum.2021-12-18.OSMO
2021-12-17 17:00:00,,,0.269138,OSMO,,,,,staking,lp_reward,osmo16kcdjt4rvskyeuadt6hp850v529wtd9ucdxmum.2021-12-17.OSMO
2021-12-16 17:00:00,,,0.385965,OSMO,,,,,staking,lp_reward,osmo16kcdjt4rvskyeuadt6hp850v529wtd9ucdxmum.2021-12-16.OSMO
2021-12-15 17:00:00,,,0.379235,OSMO,,,,,staking,lp_reward,osmo16kcdjt4rvskyeuadt6hp850v529wtd9ucdxmum.2021-12-15.OSMO
2021-12-14 17:00:00,,,0.371348,OSMO,,,,,staking,lp_reward,osmo16kcdjt4rvskyeuadt6hp850v529wtd9ucdxmum.2021-12-14.OSMO
2021-12-13 17:00:00,,,0.367399,OSMO,,,,,staking,lp_reward,osmo16kcdjt4rvskyeuadt6hp850v529wtd9ucdxmum.2021-12-13.OSMO
2021-12-12 17:00:00,,,0.357955,OSMO,,,,,staking,lp_reward,osmo16kcdjt4rvskyeuadt6hp850v529wtd9ucdxmum.2021-12-12.OSMO
2021-12-11 17:00:00,,,0.35634,OSMO,,,,,staking,lp_reward,osmo16kcdjt4rvskyeuadt6hp850v529wtd9ucdxmum.2021-12-11.OSMO
2021-12-10 17:00:00,,,0.356131,OSMO,,,,,staking,lp_reward,osmo16kcdjt4rvskyeuadt6hp850v529wtd9ucdxmum.2021-12-10.OSMO
2021-12-09 17:00:00,,,0.43558,OSMO,,,,,staking,lp_reward,osmo16kcdjt4rvskyeuadt6hp850v529wtd9ucdxmum.2021-12-09.OSMO
2021-12-08 17:00:00,,,0.433296,OSMO,,,,,staking,lp_reward,osmo16kcdjt4rvskyeuadt6hp850v529wtd9ucdxmum.2021-12-08.OSMO
2021-12-07 17:00:00,,,0.437759,OSMO,,,,,staking,lp_reward,osmo16kcdjt4rvskyeuadt6hp850v529wtd9ucdxmum.2021-12-07.OSMO
2021-12-06 17:00:00,,,0.433833,OSMO,,,,,staking,lp_reward,osmo16kcdjt4rvskyeuadt6hp850v529wtd9ucdxmum.2021-12-06.OSMO
2021-12-05 17:00:00,,,0.425478,OSMO,,,,,staking,lp_reward,osmo16kcdjt4rvskyeuadt6hp850v529wtd9ucdxmum.2021-12-05.OSMO
2021-12-04 17:00:00,,,0.424972,OSMO,,,,,staking,lp_reward,osmo16kcdjt4rvskyeuadt6hp850v529wtd9ucdxmum.2021-12-04.OSMO
2021-12-03 17:00:00,,,0.426331,OSMO,,,,,staking,lp_reward,osmo16kcdjt4rvskyeuadt6hp850v529wtd9ucdxmum.2021-12-03.OSMO
2021-12-02 17:00:00,,,0.488749,OSMO,,,,,staking,lp_reward,osmo16kcdjt4rvskyeuadt6hp850v529wtd9ucdxmum.2021-12-02.OSMO
2021-12-01 17:00:00,,,0.526028,OSMO,,,,,staking,lp_reward,osmo16kcdjt4rvskyeuadt6hp850v529wtd9ucdxmum.2021-12-01.OSMO
2021-11-30 17:00:00,,,0.513481,OSMO,,,,,staking,lp_reward,osmo16kcdjt4rvskyeuadt6hp850v529wtd9ucdxmum.2021-11-30.OSMO
2021-11-29 17:00:00,,,0.511777,OSMO,,,,,staking,lp_reward,osmo16kcdjt4rvskyeuadt6hp850v529wtd9ucdxmum.2021-11-29.OSMO
2021-11-28 17:00:00,,,0.51026,OSMO,,,,,staking,lp_reward,osmo16kcdjt4rvskyeuadt6hp850v529wtd9ucdxmum.2021-11-28.OSMO
2021-11-27 17:00:00,,,0.509141,OSMO,,,,,staking,lp_reward,osmo16kcdjt4rvskyeuadt6hp850v529wtd9ucdxmum.2021-11-27.OSMO
2021-11-26 17:00:00,,,0.50805,OSMO,,,,,staking,lp_reward,osmo16kcdjt4rvskyeuadt6hp850v529wtd9ucdxmum.2021-11-26.OSMO
2021-11-25 17:00:00,,,0.547166,OSMO,,,,,staking,lp_reward,osmo16kcdjt4rvskyeuadt6hp850v529wtd9ucdxmum.2021-11-25.OSMO
2021-11-24 17:00:00,,,0.545732,OSMO,,,,,staking,lp_reward,osmo16kcdjt4rvskyeuadt6hp850v529wtd9ucdxmum.2021-11-24.OSMO
2021-11-24 09:20:08,,,28.527128,OSMO,,,,,staking,,258138AE89D402F85A1A1FE87628F3BF4357A50E12DFEA5346A72C0B04ABC771-0
2021-11-23 17:00:00,,,0.556568,OSMO,,,,,staking,lp_reward,osmo16kcdjt4rvskyeuadt6hp850v529wtd9ucdxmum.2021-11-23.OSMO
2021-11-22 17:00:00,,,0.55486,OSMO,,,,,staking,lp_reward,osmo16kcdjt4rvskyeuadt6hp850v529wtd9ucdxmum.2021-11-22.OSMO
2021-11-21 17:00:00,,,0.556465,OSMO,,,,,staking,lp_reward,osmo16kcdjt4rvskyeuadt6hp850v529wtd9ucdxmum.2021-11-21.OSMO
2021-11-20 17:00:00,,,0.558786,OSMO,,,,,staking,lp_reward,osmo16kcdjt4rvskyeuadt6hp850v529wtd9ucdxmum.2021-11-20.OSMO
2021-11-19 17:00:00,,,0.563134,OSMO,,,,,staking,lp_reward,osmo16kcdjt4rvskyeuadt6hp850v529wtd9ucdxmum.2021-11-19.OSMO
2021-11-18 17:00:00,,,0.650991,OSMO,,,,,staking,lp_reward,osmo16kcdjt4rvskyeuadt6hp850v529wtd9ucdxmum.2021-11-18.OSMO
2021-11-17 17:00:00,,,0.649888,OSMO,,,,,staking,lp_reward,osmo16kcdjt4rvskyeuadt6hp850v529wtd9ucdxmum.2021-11-17.OSMO
2021-11-16 17:00:00,,,0.659663,OSMO,,,,,staking,lp_reward,osmo16kcdjt4rvskyeuadt6hp850v529wtd9ucdxmum.2021-11-16.OSMO
2021-11-15 17:00:00,,,0.65302,OSMO,,,,,staking,lp_reward,osmo16kcdjt4rvskyeuadt6hp850v529wtd9ucdxmum.2021-11-15.OSMO
2021-11-15 12:57:37,121.630543,AKT,,,,,,,,,D9177D83482246D990DB03DC733F68917F096E581AB15F2B396D1CAFB7DE308B-0
2021-11-15 12:57:13,657.996425,XKI,121.630543,AKT,,,,,,,3AB2995193EDEA016E12B2C40F63E0F74F8F192CCD378020633CC23425E292AE-0
2021-11-14 22:15:39,,,657.996425,XKI,,,,,,,A151E0B5608B7E44F8D9390412C444D7B408DAF7992DA0499FE263546C199461-1
2021-11-14 22:12:55,658.016425,XKI,,,,,,,,,E11BAD7CE312E9F2CD75DE5C06C17BEDC6ED6340F93ACD5A984B1507147565D0-0
2021-11-14 21:45:51,20.701792,OSMO,250.100833,XKI,,,,,,,68F4B7C7DAE4E4BB7F58A24F4F4902BB628C0061572D22617555C62332271D2A-0
2021-11-14 21:43:37,4300.789959,DVPN,20.701792,OSMO,,,,,,,DEFFD83353677DF4F4D015B27DBC7AFC47AD76447BF95FEE6E67CB2E222D5C10-0
2021-11-14 21:43:06,,,4300.789959,DVPN,,,,,,,68797EDCEC6B1B9C0D7943C3E31C3D86727B9675B2BD6B311130C414DAFDBEE2-2
2021-11-14 21:41:43,33.737699,OSMO,407.915592,XKI,,,,,,,421208DC7A76F500DE1716205FFB4D4DE38198379D05CDD1C11236C1EB9F5CC7-0
2021-11-14 21:40:28,25.344914,XPRT,33.111781,OSMO,,,,,,,7BF2E5095C875F5F4DA18D1EA34D06E6E8B4731C6DFF0B054207F6D517BE8F15-0
2021-11-14 21:38:01,,,25.344914,XPRT,,,,,,,1736D9455AAC9FB5350CA01AB118DB75F3BEAEBFF167917913DCD923634E67C0-1
2021-11-14 17:00:00,,,0.655918,OSMO,,,,,staking,lp_reward,osmo16kcdjt4rvskyeuadt6hp850v529wtd9ucdxmum.2021-11-14.OSMO
2021-11-14 13:33:12,,,20.33848,OSMO,,,,,staking,,96E6D83F9D0EB7177B81A858BABE88221E6AA17171E86BF718B110B4D5C6F22E-0
2021-11-13 17:00:00,,,0.655297,OSMO,,,,,staking,lp_reward,osmo16kcdjt4rvskyeuadt6hp850v529wtd9ucdxmum.2021-11-13.OSMO
2021-11-12 17:00:00,,,0.671007,OSMO,,,,,staking,lp_reward,osmo16kcdjt4rvskyeuadt6hp850v529wtd9ucdxmum.2021-11-12.OSMO
2021-11-11 17:00:00,,,0.64301,OSMO,,,,,staking,lp_reward,osmo16kcdjt4rvskyeuadt6hp850v529wtd9ucdxmum.2021-11-11.OSMO
2021-11-10 17:00:00,,,0.641739,OSMO,,,,,staking,lp_reward,osmo16kcdjt4rvskyeuadt6hp850v529wtd9ucdxmum.2021-11-10.OSMO
2021-11-09 17:00:00,,,0.634469,OSMO,,,,,staking,lp_reward,osmo16kcdjt4rvskyeuadt6hp850v529wtd9ucdxmum.2021-11-09.OSMO
2021-11-08 17:00:00,,,0.635307,OSMO,,,,,staking,lp_reward,osmo16kcdjt4rvskyeuadt6hp850v529wtd9ucdxmum.2021-11-08.OSMO
2021-11-07 17:00:00,,,0.643927,OSMO,,,,,staking,lp_reward,osmo16kcdjt4rvskyeuadt6hp850v529wtd9ucdxmum.2021-11-07.OSMO
2021-11-06 22:43:05,,,33.51586,OSMO,,,,,staking,,65977EEC60A27C0D4B9BE301410E7436C83365188302679DE249ECCBC0989EE8-0
2021-11-06 17:00:00,,,0.634321,OSMO,,,,,staking,lp_reward,osmo16kcdjt4rvskyeuadt6hp850v529wtd9ucdxmum.2021-11-06.OSMO
2021-11-05 17:00:00,,,0.635173,OSMO,,,,,staking,lp_reward,osmo16kcdjt4rvskyeuadt6hp850v529wtd9ucdxmum.2021-11-05.OSMO
2021-11-04 17:00:00,,,0.762614,OSMO,,,,,staking,lp_reward,osmo16kcdjt4rvskyeuadt6hp850v529wtd9ucdxmum.2021-11-04.OSMO
2021-11-03 17:00:00,,,0.766483,OSMO,,,,,staking,lp_reward,osmo16kcdjt4rvskyeuadt6hp850v529wtd9ucdxmum.2021-11-03.OSMO
2021-11-02 17:00:00,,,0.770938,OSMO,,,,,staking,lp_reward,osmo16kcdjt4rvskyeuadt6hp850v529wtd9ucdxmum.2021-11-02.OSMO
2021-11-01 17:00:00,,,0.779805,OSMO,,,,,staking,lp_reward,osmo16kcdjt4rvskyeuadt6hp850v529wtd9ucdxmum.2021-11-01.OSMO
2021-10-31 17:00:00,,,0.778726,OSMO,,,,,staking,lp_reward,osmo16kcdjt4rvskyeuadt6hp850v529wtd9ucdxmum.2021-10-31.OSMO
2021-10-30 17:00:00,,,0.791135,OSMO,,,,,staking,lp_reward,osmo16kcdjt4rvskyeuadt6hp850v529wtd9ucdxmum.2021-10-30.OSMO
2021-10-29 17:00:00,,,0.80282,OSMO,,,,,staking,lp_reward,osmo16kcdjt4rvskyeuadt6hp850v529wtd9ucdxmum.2021-10-29.OSMO
2021-10-28 17:00:00,,,0.975251,OSMO,,,,,staking,lp_reward,osmo16kcdjt4rvskyeuadt6hp850v529wtd9ucdxmum.2021-10-28.OSMO
2021-10-27 17:00:00,,,0.996344,OSMO,,,,,staking,lp_reward,osmo16kcdjt4rvskyeuadt6hp850v529wtd9ucdxmum.2021-10-27.OSMO
2021-10-26 22:08:50,,,36.505626,OSMO,,,,,staking,,ACF10130CC1F11D9E321BDB7E022CD7726AA2796E4FE08239B3E21310E524C75-0
2021-10-26 17:00:00,,,1.000873,OSMO,,,,,staking,lp_reward,osmo16kcdjt4rvskyeuadt6hp850v529wtd9ucdxmum.2021-10-26.OSMO
2021-10-25 17:00:00,,,1.00766,OSMO,,,,,staking,lp_reward,osmo16kcdjt4rvskyeuadt6hp850v529wtd9ucdxmum.2021-10-25.OSMO
2021-10-24 17:00:00,,,1.00743,OSMO,,,,,staking,lp_reward,osmo16kcdjt4rvskyeuadt6hp850v529wtd9ucdxmum.2021-10-24.OSMO
2021-10-23 17:00:00,,,0.96582,OSMO,,,,,staking,lp_reward,osmo16kcdjt4rvskyeuadt6hp850v529wtd9ucdxmum.2021-10-23.OSMO
2021-10-22 17:00:00,,,0.968297,OSMO,,,,,staking,lp_reward,osmo16kcdjt4rvskyeuadt6hp850v529wtd9ucdxmum.2021-10-22.OSMO
2021-10-21 17:00:00,,,1.124963,OSMO,,,,,staking,lp_reward,osmo16kcdjt4rvskyeuadt6hp850v529wtd9ucdxmum.2021-10-21.OSMO
2021-10-20 17:00:00,,,1.125639,OSMO,,,,,staking,lp_reward,osmo16kcdjt4rvskyeuadt6hp850v529wtd9ucdxmum.2021-10-20.OSMO
2021-10-19 17:00:00,,,1.11354,OSMO,,,,,staking,lp_reward,osmo16kcdjt4rvskyeuadt6hp850v529wtd9ucdxmum.2021-10-19.OSMO
2021-10-18 17:00:00,,,1.11099,OSMO,,,,,staking,lp_reward,osmo16kcdjt4rvskyeuadt6hp850v529wtd9ucdxmum.2021-10-18.OSMO
2021-10-17 17:00:00,,,1.117048,OSMO,,,,,staking,lp_reward,osmo16kcdjt4rvskyeuadt6hp850v529wtd9ucdxmum.2021-10-17.OSMO
2021-10-16 17:00:00,,,1.17187,OSMO,,,,,staking,lp_reward,osmo16kcdjt4rvskyeuadt6hp850v529wtd9ucdxmum.2021-10-16.OSMO
2021-10-15 17:00:00,,,1.107028,OSMO,,,,,staking,lp_reward,osmo16kcdjt4rvskyeuadt6hp850v529wtd9ucdxmum.2021-10-15.OSMO
2021-10-15 16:58:09,,,33.068619,OSMO,,,,,staking,,775B33E38A99DFCAF8832180742E4F58C1099A4535EFB0F9845C1398B94C54D8-0
2021-10-14 17:00:00,,,1.172259,OSMO,,,,,staking,lp_reward,osmo16kcdjt4rvskyeuadt6hp850v529wtd9ucdxmum.2021-10-14.OSMO
2021-10-13 17:00:00,,,1.177458,OSMO,,,,,staking,lp_reward,osmo16kcdjt4rvskyeuadt6hp850v529wtd9ucdxmum.2021-10-13.OSMO
2021-10-12 17:00:00,,,1.199205,OSMO,,,,,staking,lp_reward,osmo16kcdjt4rvskyeuadt6hp850v529wtd9ucdxmum.2021-10-12.OSMO
2021-10-11 17:00:00,,,1.21625,OSMO,,,,,staking,lp_reward,osmo16kcdjt4rvskyeuadt6hp850v529wtd9ucdxmum.2021-10-11.OSMO
2021-10-10 17:00:00,,,1.216899,OSMO,,,,,staking,lp_reward,osmo16kcdjt4rvskyeuadt6hp850v529wtd9ucdxmum.2021-10-10.OSMO
2021-10-09 17:00:00,,,1.25638,OSMO,,,,,staking,lp_reward,osmo16kcdjt4rvskyeuadt6hp850v529wtd9ucdxmum.2021-10-09.OSMO
2021-10-08 17:00:00,,,1.25128,OSMO,,,,,staking,lp_reward,osmo16kcdjt4rvskyeuadt6hp850v529wtd9ucdxmum.2021-10-08.OSMO
2021-10-07 17:00:00,,,1.315113,OSMO,,,,,staking,lp_reward,osmo16kcdjt4rvskyeuadt6hp850v529wtd9ucdxmum.2021-10-07.OSMO
2021-10-06 17:00:00,,,1.315965,OSMO,,,,,staking,lp_reward,osmo16kcdjt4rvskyeuadt6hp850v529wtd9ucdxmum.2021-10-06.OSMO
2021-10-05 17:00:00,,,1.321968,OSMO,,,,,staking,lp_reward,osmo16kcdjt4rvskyeuadt6hp850v529wtd9ucdxmum.2021-10-05.OSMO
2021-10-05 08:35:55,91.855811,AKT,,,,,,,,,4F29320E1FCC2D1D734A5C54A6FCC08D8ABE5D15AC56350D671E93DA05EC8E04-0
2021-10-04 17:00:00,,,1.325279,OSMO,,,,,staking,lp_reward,osmo16kcdjt4rvskyeuadt6hp850v529wtd9ucdxmum.2021-10-04.OSMO
2021-10-04 09:39:33,,,0.000004000,OSMO,,,,,staking,,7CD71D4D1ED2ED6B934CF1FA00FCAED34A4082404E822F3051700926DF559A04-0
2021-10-04 09:27:01,65.568791,JUNO,91.855811,AKT,,,,,,,058AD2F9870D64354862B141DA945446A38F8B5DC428A72A4E2F9B876A0FF51C-0
2021-10-04 09:25:26,,,3.089583,OSMO,,,,,staking,,6C4075666E80B07F2CA40FDF7E8567C8D18B0F379AC32F5F98FE13363855D4CC-0
2021-10-04 09:20:06,,,65.568791,JUNO,,,,,,,5FAA701327D5459DA1A99F86CFFEB080AC8D87FDD372C6058B78266F3DBA127B-2
2021-10-03 17:00:00,,,1.326964,OSMO,,,,,staking,lp_reward,osmo16kcdjt4rvskyeuadt6hp850v529wtd9ucdxmum.2021-10-03.OSMO
2021-10-02 19:28:08,,,24.049578,OSMO,,,,,staking,,12E00292E6AE57172D4F9B2F12EA79764E291801EC393AF38B581D45E2F78AB9-0
2021-10-02 17:00:00,,,1.328385,OSMO,,,,,staking,lp_reward,osmo16kcdjt4rvskyeuadt6hp850v529wtd9ucdxmum.2021-10-02.OSMO
2021-10-01 17:00:00,,,1.337138,OSMO,,,,,staking,lp_reward,osmo16kcdjt4rvskyeuadt6hp850v529wtd9ucdxmum.2021-10-01.OSMO
2021-09-30 17:00:00,,,1.404567,OSMO,,,,,staking,lp_reward,osmo16kcdjt4rvskyeuadt6hp850v529wtd9ucdxmum.2021-09-30.OSMO
2021-09-29 17:00:00,,,1.429217,OSMO,,,,,staking,lp_reward,osmo16kcdjt4rvskyeuadt6hp850v529wtd9ucdxmum.2021-09-29.OSMO
2021-09-28 17:00:00,,,1.429968,OSMO,,,,,staking,lp_reward,osmo16kcdjt4rvskyeuadt6hp850v529wtd9ucdxmum.2021-09-28.OSMO
2021-09-27 17:00:00,,,1.432274,OSMO,,,,,staking,lp_reward,osmo16kcdjt4rvskyeuadt6hp850v529wtd9ucdxmum.2021-09-27.OSMO
2021-09-26 17:00:00,,,1.424744,OSMO,,,,,staking,lp_reward,osmo16kcdjt4rvskyeuadt6hp850v529wtd9ucdxmum.2021-09-26.OSMO
2021-09-25 17:00:00,,,1.451567,OSMO,,,,,staking,lp_reward,osmo16kcdjt4rvskyeuadt6hp850v529wtd9ucdxmum.2021-09-25.OSMO
2021-09-24 18:07:14,,,8.6516,OSMO,,,,,staking,,B6E4F48FC0CBC2C4DBF9E0678EE094970F9F93B4C43504C2918AE6B368E19780-0
2021-09-24 17:00:00,,,1.456304,OSMO,,,,,staking,lp_reward,osmo16kcdjt4rvskyeuadt6hp850v529wtd9ucdxmum.2021-09-24.OSMO
2021-09-23 17:00:00,,,1.524646,OSMO,,,,,staking,lp_reward,osmo16kcdjt4rvskyeuadt6hp850v529wtd9ucdxmum.2021-09-23.OSMO
2021-09-22 17:41:34,8.04626,ATOM,,,,,,,,,19FFA603B9477CA2B8D6B4B1CFAEE60357C2600E6F69402DCCB5F8DDBD54C2B1-0
2021-09-22 17:15:53,8.888436,OSMO,1.464604,ATOM,,,,,,,CADFDF7F7531116AE4D414469658189E90A4CC8D1CF6A40B86F70169140E8BA5-0
2021-09-22 17:15:24,4300.253882,DVPN,4.814119,ATOM,,,,,,,07B4C30A6865D026956243F15CAAF5DDA77924DF042A0AC23612AE2577CC4516-0
2021-09-22 17:14:32,14.488491,AKT,1.767537,ATOM,,,,,,,7E611D8886C2D894FD48D1B22F164CF67784152B76444E4240734EDA8CE1148B-0
2021-09-22 17:13:31,,,4300.253882,DVPN,,,,,,,A953CD6A2A4125872156FF390D2FAE678F93343376E7FF91556375949A544D85-1
2021-09-22 17:11:50,,,14.488491,AKT,,,,,,,92BB38610A242C5D4E9FA8E8FA74C6788198E12D4821E2D78078566A38A13428-1
2021-09-22 17:10:16,,,5.854132,OSMO,,,,,staking,,AD7D6B4C0819DB0C76A9EE98B238A49E6187044CAE4C078BDDB4D19A16331BB7-0
2021-09-22 17:00:00,,,1.519514,OSMO,,,,,staking,lp_reward,osmo16kcdjt4rvskyeuadt6hp850v529wtd9ucdxmum.2021-09-22.OSMO
2021-09-21 17:00:00,,,1.52966,OSMO,,,,,staking,lp_reward,osmo16kcdjt4rvskyeuadt6hp850v529wtd9ucdxmum.2021-09-21.OSMO
2021-09-20 17:00:00,,,1.520894,OSMO,,,,,staking,lp_reward,osmo16kcdjt4rvskyeuadt6hp850v529wtd9ucdxmum.2021-09-20.OSMO
2021-09-19 20:16:04,2.325245,ATOM,,,,,,,,,41A2BD13D80587E654334E63883DEFABB96BA5A5597868ADE2395B9F6145AB84-0
2021-09-19 20:13:53,13.389345,OSMO,2.325245,ATOM,,,,,,,7EAC5483531ADFB36ADCF69A26A5A5D5A0485ECF2A51A27C9961D649E2712641-0
2021-09-19 20:13:09,,,8.863707,OSMO,,,,,staking,,DB6B22D4FE8BD2DA4FF69B56C0FF8A5321F92819DCCAAD6E9A64C15FE05B1222-0
2021-09-19 17:00:00,,,1.520501,OSMO,,,,,staking,lp_reward,osmo16kcdjt4rvskyeuadt6hp850v529wtd9ucdxmum.2021-09-19.OSMO
2021-09-18 17:00:00,,,1.517208,OSMO,,,,,staking,lp_reward,osmo16kcdjt4rvskyeuadt6hp850v529wtd9ucdxmum.2021-09-18.OSMO
2021-09-17 17:00:00,,,1.504794,OSMO,,,,,staking,lp_reward,osmo16kcdjt4rvskyeuadt6hp850v529wtd9ucdxmum.2021-09-17.OSMO
2021-09-16 18:26:42,,,0.000014000,OSMO,,,,,staking,,97D7BE6F409516726C3AB604A3D9635D0552A91C89731309C03A232DD77D86BA-0
2021-09-16 18:26:04,,,11.692107,OSMO,,,,,staking,,39ACF8B385E42019AECC4F407541804F8125091E52CBAE70BB6CDB0D61A425FE-0
2021-09-16 17:00:00,,,1.614029,OSMO,,,,,staking,lp_reward,osmo16kcdjt4rvskyeuadt6hp850v529wtd9ucdxmum.2021-09-16.OSMO
2021-09-15 17:00:00,,,1.618841,OSMO,,,,,staking,lp_reward,osmo16kcdjt4rvskyeuadt6hp850v529wtd9ucdxmum.2021-09-15.OSMO
2021-09-14 17:00:00,,,1.620439,OSMO,,,,,staking,lp_reward,osmo16kcdjt4rvskyeuadt6hp850v529wtd9ucdxmum.2021-09-14.OSMO
2021-09-13 17:00:00,,,1.625667,OSMO,,,,,staking,lp_reward,osmo16kcdjt4rvskyeuadt6hp850v529wtd9ucdxmum.2021-09-13.OSMO
2021-09-12 21:17:17,8.413442,ATOM,,,,,,,,,527B712C9746C20271A6E394DA6B4E0AA377933E42DE18E1FA9D4FB226CAE1ED-0
2021-09-12 21:16:46,42.0,AKT,6.915716,ATOM,,,,,,,C15FA45529085582AB23924403B36B2B83F2D1634F0AFB8013D1CA8F6D586609-0
2021-09-12 21:16:06,,,42.0,AKT,,,,,,,B7DB8672EAC5B82BC6DEDBAE74937E1E9F22B3BA1B0D0D7C8B1B14501CA7700E-1
2021-09-12 21:08:02,9.095839,AKT,1.497726,ATOM,,,,,,,5350AC847006A9ECB432B7778348C941CD877ECBB62405FA35902EF1DD8618E1-0
2021-09-12 20:36:35,,,0.000307000,OSMO,0.00625,OSMO,,,staking,,C51216D5B2DB7303BA3C318321EE2696852912B23012B6FC3A9FB42C282F0281-0
2021-09-12 20:19:55,,,11.736714,OSMO,0.0035,OSMO,,,staking,,3D2831493B6E1483FF26AD5F8359ADFA30103C9CB9CBEF06781FD4E9E96BE520-0
2021-09-12 17:00:00,,,1.627641,OSMO,,,,,staking,lp_reward,osmo16kcdjt4rvskyeuadt6hp850v529wtd9ucdxmum.2021-09-12.OSMO
2021-09-11 17:00:00,,,1.636337,OSMO,,,,,staking,lp_reward,osmo16kcdjt4rvskyeuadt6hp850v529wtd9ucdxmum.2021-09-11.OSMO
2021-09-10 17:00:00,,,1.652383,OSMO,,,,,staking,lp_reward,osmo16kcdjt4rvskyeuadt6hp850v529wtd9ucdxmum.2021-09-10.OSMO
2021-09-09 17:00:00,,,1.814417,OSMO,,,,,staking,lp_reward,osmo16kcdjt4rvskyeuadt6hp850v529wtd9ucdxmum.2021-09-09.OSMO
2021-09-08 22:51:57,,,28.025825,OSMO,0.0035,OSMO,,,staking,,414F9FF4650FA956733357603957A1CEB076A0AAF7AAA5688DAF2891A387B850-0
2021-09-08 17:00:00,,,1.837595,OSMO,,,,,staking,lp_reward,osmo16kcdjt4rvskyeuadt6hp850v529wtd9ucdxmum.2021-09-08.OSMO
2021-09-07 17:00:00,,,1.850897,OSMO,,,,,staking,lp_reward,osmo16kcdjt4rvskyeuadt6hp850v529wtd9ucdxmum.2021-09-07.OSMO
2021-09-06 17:00:00,,,1.870394,OSMO,,,,,staking,lp_reward,osmo16kcdjt4rvskyeuadt6hp850v529wtd9ucdxmum.2021-09-06.OSMO
2021-09-05 17:00:00,,,1.881811,OSMO,,,,,staking,lp_reward,osmo16kcdjt4rvskyeuadt6hp850v529wtd9ucdxmum.2021-09-05.OSMO
2021-09-04 17:00:00,,,1.900645,OSMO,,,,,staking,lp_reward,osmo16kcdjt4rvskyeuadt6hp850v529wtd9ucdxmum.2021-09-04.OSMO
2021-09-03 17:00:00,,,1.910975,OSMO,,,,,staking,lp_reward,osmo16kcdjt4rvskyeuadt6hp850v529wtd9ucdxmum.2021-09-03.OSMO
2021-09-02 17:00:00,,,2.129626,OSMO,,,,,staking,lp_reward,osmo16kcdjt4rvskyeuadt6hp850v529wtd9ucdxmum.2021-09-02.OSMO
2021-09-01 17:00:00,,,2.17976,OSMO,,,,,staking,lp_reward,osmo16kcdjt4rvskyeuadt6hp850v529wtd9ucdxmum.2021-09-01.OSMO
2021-08-31 17:00:00,,,2.183635,OSMO,,,,,staking,lp_reward,osmo16kcdjt4rvskyeuadt6hp850v529wtd9ucdxmum.2021-08-31.OSMO
2021-08-30 17:00:00,,,2.146507,OSMO,,,,,staking,lp_reward,osmo16kcdjt4rvskyeuadt6hp850v529wtd9ucdxmum.2021-08-30.OSMO
2021-08-29 20:56:56,,,0.000002000,OSMO,0.00625,OSMO,,,staking,,B0DC944234F3DF696856A6339B2EDAB26ED5E69B367EE9FF47DE9C2A0ABE54EC-0
2021-08-29 20:55:30,,,6.501767,OSMO,0.0035,OSMO,,,staking,,88659A3D7FE6B43943D528B36FAD5CD0E0D2C5E425E7250285655A1F77B012FA-0
2021-08-29 17:00:00,,,2.134376,OSMO,,,,,staking,lp_reward,osmo16kcdjt4rvskyeuadt6hp850v529wtd9ucdxmum.2021-08-29.OSMO
2021-08-28 17:08:36,,,14.811061,OSMO,0.0035,OSMO,,,staking,,7887EE4A4466F524F4D78E9077BDD68893051E17E67F5126AF7064AD6B6C0902-0
2021-08-28 17:00:00,,,2.140436,OSMO,,,,,staking,lp_reward,osmo16kcdjt4rvskyeuadt6hp850v529wtd9ucdxmum.2021-08-28.OSMO
2021-08-27 17:00:00,,,2.152851,OSMO,,,,,staking,lp_reward,osmo16kcdjt4rvskyeuadt6hp850v529wtd9ucdxmum.2021-08-27.OSMO
2021-08-26 17:00:00,,,2.257524,OSMO,,,,,staking,lp_reward,osmo16kcdjt4rvskyeuadt6hp850v529wtd9ucdxmum.2021-08-26.OSMO
2021-08-25 17:00:00,,,2.261012,OSMO,,,,,staking,lp_reward,osmo16kcdjt4rvskyeuadt6hp850v529wtd9ucdxmum.2021-08-25.OSMO
2021-08-24 17:00:00,,,2.28979,OSMO,,,,,staking,lp_reward,osmo16kcdjt4rvskyeuadt6hp850v529wtd9ucdxmum.2021-08-24.OSMO
2021-08-23 17:00:00,,,2.291938,OSMO,,,,,staking,lp_reward,osmo16kcdjt4rvskyeuadt6hp850v529wtd9ucdxmum.2021-08-23.OSMO
2021-08-22 21:01:43,,,6.552017,OSMO,0.0035,OSMO,,,staking,,F9286B7686F030AAE4AB253B401DA96E4A64093E8D7B404F3B2CFEE622530AC7-0
2021-08-22 17:00:00,,,2.305878,OSMO,,,,,staking,lp_reward,osmo16kcdjt4rvskyeuadt6hp850v529wtd9ucdxmum.2021-08-22.OSMO
2021-08-21 17:00:00,,,2.328285,OSMO,,,,,staking,lp_reward,osmo16kcdjt4rvskyeuadt6hp850v529wtd9ucdxmum.2021-08-21.OSMO
2021-08-20 17:34:43,,,0.000009000,OSMO,0.00625,OSMO,,,staking,,1E8F5C9E1899048FD89DFD4F5E59FD7E26966F1A5F191844D4BBB4604B5A6206-0
2021-08-20 17:34:01,,,5.790962,OSMO,0.0035,OSMO,,,staking,,1C90CC1E51EAB1FA1F9F3851D02B63CEA59BEE9DC2CD94CAAC606A787CE0D832-0
2021-08-20 17:00:00,,,2.389827,OSMO,,,,,staking,lp_reward,osmo16kcdjt4rvskyeuadt6hp850v529wtd9ucdxmum.2021-08-20.OSMO
2021-08-19 17:00:00,,,2.408383,OSMO,,,,,staking,lp_reward,osmo16kcdjt4rvskyeuadt6hp850v529wtd9ucdxmum.2021-08-19.OSMO
2021-08-18 17:16:21,,,0.000016000,OSMO,0.00625,OSMO,,,staking,,187AE430C741ECF43D8624010BBE21809B30B467C3E502D273585CF05AF7BEEC-0
2021-08-18 17:15:44,,,2.917889,OSMO,0.0035,OSMO,,,staking,,7BCCF3C00D8BCA3229BA50AF2744730EC6580683DC5A8ADCFC6F548450A6C02F-0
2021-08-18 17:00:00,,,2.406783,OSMO,,,,,staking,lp_reward,osmo16kcdjt4rvskyeuadt6hp850v529wtd9ucdxmum.2021-08-18.OSMO
2021-08-17 21:36:14,,,0.000001000,OSMO,,,,,staking,,7CC1E11ECBA88BEDC7AB67632CAB2868F74F5FA61ECA18A91BF425CA64201DE0-0
2021-08-17 21:35:30,,,2.930057,OSMO,0.0035,OSMO,,,staking,,549F9A2B0A77C3CD57FEEEB9B040C84E0BAA7D240334771CFAF42949790E11A6-0
2021-08-17 17:00:00,,,2.399353,OSMO,,,,,staking,lp_reward,osmo16kcdjt4rvskyeuadt6hp850v529wtd9ucdxmum.2021-08-17.OSMO
2021-08-16 18:16:45,,,0.000011000,OSMO,0.00625,OSMO,,,staking,,29D800AB67826196F6D4A2E7AE7C773A7671C9139D6F295A2066116FA5881445-0
2021-08-16 18:16:00,,,2.925673,OSMO,0.0035,OSMO,,,staking,,22DC37B15AA7C31836AD426C1604C2580D97C69CBBE39FABD5C22A2DD6C9C25E-0
2021-08-16 17:00:00,,,2.400923,OSMO,,,,,staking,lp_reward,osmo16kcdjt4rvskyeuadt6hp850v529wtd9ucdxmum.2021-08-16.OSMO
2021-08-15 17:42:46,178.0,IRIS,7.549258,AKT,,,,,,,BD416CB076AFFA78FB29234A935C83F092D0566EAB1A30EC02A00BE72857341D-0
2021-08-15 17:40:26,,,0.000001000,OSMO,0.00625,OSMO,,,staking,,F197E5B275DC1E766604A9A8B47DEEF0172A80F782214232143DF0BE8E12E7BB-0
2021-08-15 17:39:42,,,5.800289,OSMO,0.0035,OSMO,,,staking,,EDF357FBEFE181FFCC06B9DC2368ED5825CE11737FC22A5DF8A6F32B44CB71B1-0
2021-08-15 17:00:00,,,2.375901,OSMO,,,,,staking,lp_reward,osmo16kcdjt4rvskyeuadt6hp850v529wtd9ucdxmum.2021-08-15.OSMO
2021-08-14 17:00:00,,,2.407368,OSMO,,,,,staking,lp_reward,osmo16kcdjt4rvskyeuadt6hp850v529wtd9ucdxmum.2021-08-14.OSMO
2021-08-14 13:55:13,,,2.977417,OSMO,0.0035,OSMO,,,staking,,ACEC04ED642CE62333AB026052104DAD965FEBD34DB4A5F68CA0F98ADE35C98C-0
2021-08-13 17:00:00,,,2.763586,OSMO,,,,,staking,lp_reward,osmo16kcdjt4rvskyeuadt6hp850v529wtd9ucdxmum.2021-08-13.OSMO
2021-08-12 21:50:06,,,2.951856,OSMO,0.0035,OSMO,,,staking,,E76E003FF8EDCB44093381C5336DCAC218BF719FB7BD2F9500E97829BD1BC1D1-0
2021-08-12 17:00:00,,,2.789792,OSMO,,,,,staking,lp_reward,osmo16kcdjt4rvskyeuadt6hp850v529wtd9ucdxmum.2021-08-12.OSMO
2021-08-12 17:00:00,,,0.219565,AKT,,,,,staking,lp_reward,osmo16kcdjt4rvskyeuadt6hp850v529wtd9ucdxmum.2021-08-12.AKT
2021-08-11 19:22:23,,,0.000001000,OSMO,0.00625,OSMO,,,staking,,3884D1273C72305EAF47C8FE777B38F790678C093582F0DA9D80E972B677598F-0
2021-08-11 19:21:52,,,2.942839,OSMO,0.0035,OSMO,,,staking,,AED165B47AE3F13E81989DE450D9317D74FFEA73D103D3F47F04AFD363D297D2-0
2021-08-11 17:00:00,,,2.813896,OSMO,,,,,staking,lp_reward,osmo16kcdjt4rvskyeuadt6hp850v529wtd9ucdxmum.2021-08-11.OSMO
2021-08-11 17:00:00,,,0.221133,AKT,,,,,staking,lp_reward,osmo16kcdjt4rvskyeuadt6hp850v529wtd9ucdxmum.2021-08-11.AKT
2021-08-10 17:25:00,,,0.000013000,OSMO,0.00625,OSMO,,,staking,,A09E55A32C2B770B250461207A7E6A69134596739B9A4CDD0818E1C3B95EC7F3-0
2021-08-10 17:23:38,,,2.927932,OSMO,0.0035,OSMO,,,staking,,A5C264F569E2172A4E5158A55B88E9F5FB3C4B0EA34A4BC7663A58227C6BFE9B-0
2021-08-10 17:00:00,,,2.755291,OSMO,,,,,staking,lp_reward,osmo16kcdjt4rvskyeuadt6hp850v529wtd9ucdxmum.2021-08-10.OSMO
2021-08-10 17:00:00,,,0.219819,AKT,,,,,staking,lp_reward,osmo16kcdjt4rvskyeuadt6hp850v529wtd9ucdxmum.2021-08-10.AKT
2021-08-09 17:42:35,,,0.000001000,OSMO,0.00625,OSMO,,,staking,,797B276370FC111696E57C6C3509FDC9858D4CB3AE1C2C59F506F76844825E6D-0
2021-08-09 17:42:09,,,8.552616,OSMO,0.0035,OSMO,,,staking,,ECA36CBA5F3655C51FD0987FCE12D4FB9C9B283B510AD4C9C71FF531062F0DC2-0
2021-08-09 17:00:00,,,2.759272,OSMO,,,,,staking,lp_reward,osmo16kcdjt4rvskyeuadt6hp850v529wtd9ucdxmum.2021-08-09.OSMO
2021-08-09 17:00:00,,,0.220137,AKT,,,,,staking,lp_reward,osmo16kcdjt4rvskyeuadt6hp850v529wtd9ucdxmum.2021-08-09.AKT
2021-08-08 17:00:00,,,2.766318,OSMO,,,,,staking,lp_reward,osmo16kcdjt4rvskyeuadt6hp850v529wtd9ucdxmum.2021-08-08.OSMO
2021-08-08 17:00:00,,,0.220688,AKT,,,,,staking,lp_reward,osmo16kcdjt4rvskyeuadt6hp850v529wtd9ucdxmum.2021-08-08.AKT
2021-08-07 17:00:00,,,2.764549,OSMO,,,,,staking,lp_reward,osmo16kcdjt4rvskyeuadt6hp850v529wtd9ucdxmum.2021-08-07.OSMO
2021-08-07 17:00:00,,,0.220597,AKT,,,,,staking,lp_reward,osmo16kcdjt4rvskyeuadt6hp850v529wtd9ucdxmum.2021-08-07.AKT
2021-08-06 18:36:31,0.783562,ATOM,,,0.0125,OSMO,,,,,DB091C3564C2BEAFC8F8FE9B75F7F397181691F6757BFCF27BC33790C9190756-0
2021-08-06 18:35:59,6.0,OSMO,0.783562,ATOM,0.015,OSMO,,,,,558DC5D559BD2B2603CE75892E222D0F911288C0353F7688496E5F0A34A1D2CA-0
2021-08-06 18:34:55,,,2.896012,OSMO,0.0035,OSMO,,,staking,,0423DD433839DA3E7E5EC41EB2852E4DD485A9B6EC8EBA68EB848EC43B5D483C-0
2021-08-06 17:00:00,,,2.813111,OSMO,,,,,staking,lp_reward,osmo16kcdjt4rvskyeuadt6hp850v529wtd9ucdxmum.2021-08-06.OSMO
2021-08-06 17:00:00,,,0.224642,AKT,,,,,staking,lp_reward,osmo16kcdjt4rvskyeuadt6hp850v529wtd9ucdxmum.2021-08-06.AKT
2021-08-05 19:22:28,25.03856,ATOM,,,0.0125,OSMO,,,,,55820EFAA0807167F9EF85B5D05E4547F0864B8D9C05AC894C69D4AF3B75B869-0
2021-08-05 19:21:42,36.0,OSMO,4.772612,ATOM,0.015,OSMO,,,,,AA881A5F361026D46D9C2A816C92B229CDA10FCC17536415F358AAB6F795E974-0
2021-08-05 19:21:10,8.34096,XPRT,3.744714,ATOM,0.015,OSMO,,,,,590CA5722446CE3731DAAAC4D392B54B70AE3099DDB4415AE933FA94C8C5CA79-0
2021-08-05 19:20:32,9199.0,DVPN,11.368825,ATOM,0.015,OSMO,,,,,8C92655910F1242549099336332C7A5D4CC4A495BF801AF66392C5E6D3FBAFFC-0
2021-08-05 19:20:00,26.701583,AKT,5.152409,ATOM,0.015,OSMO,,,,,DB8E5719DA87E30DD13B74C63C0B325BE1E3A5F664CA79C556031D1868BD8F1C-0
2021-08-05 19:19:15,,,178.0,IRIS,,,,,,,83D2E3E350F09528BBC95797F9138253D8E5CC3332E6D7334103FA825DE4ED6B-1
2021-08-05 19:18:46,,,22.28162,AKT,,,,,,,4440E4454ADFD9C68C09132BC2AB667B79AFECB6766B2EFF7E081D8E2D252ABF-1
2021-08-05 19:18:13,,,9199.0,DVPN,,,,,,,D9844C40D22FE2507695CE4B7B42F9C8086E4E85F8ADDF5E9305A8BF6CD864FF-1
2021-08-05 19:17:02,,,8.34096,XPRT,,,,,,,A6CD0D9F52B09BCAE800B76CBF130CD4FF286155D79AE66D07697CAEE7176649-1
2021-08-05 19:14:06,,,19.600474,OSMO,0.0035,OSMO,,,staking,,762DD9FBE9B92B3FD9AAB97EF832093998678F8399199E4463973FA8AB28E47E-0
2021-08-05 17:00:00,,,2.821914,OSMO,,,,,staking,lp_reward,osmo16kcdjt4rvskyeuadt6hp850v529wtd9ucdxmum.2021-08-05.OSMO
2021-08-05 17:00:00,,,0.225375,AKT,,,,,staking,lp_reward,osmo16kcdjt4rvskyeuadt6hp850v529wtd9ucdxmum.2021-08-05.AKT
2021-08-04 17:00:00,,,2.816833,OSMO,,,,,staking,lp_reward,osmo16kcdjt4rvskyeuadt6hp850v529wtd9ucdxmum.2021-08-04.OSMO
2021-08-04 17:00:00,,,0.22509,AKT,,,,,staking,lp_reward,osmo16kcdjt4rvskyeuadt6hp850v529wtd9ucdxmum.2021-08-04.AKT
2021-08-03 17:00:00,,,2.816252,OSMO,,,,,staking,lp_reward,osmo16kcdjt4rvskyeuadt6hp850v529wtd9ucdxmum.2021-08-03.OSMO
2021-08-03 17:00:00,,,0.225096,AKT,,,,,staking,lp_reward,osmo16kcdjt4rvskyeuadt6hp850v529wtd9ucdxmum.2021-08-03.AKT
2021-08-02 17:00:00,,,2.824772,OSMO,,,,,staking,lp_reward,osmo16kcdjt4rvskyeuadt6hp850v529wtd9ucdxmum.2021-08-02.OSMO
2021-08-02 17:00:00,,,0.225794,AKT,,,,,staking,lp_reward,osmo16kcdjt4rvskyeuadt6hp850v529wtd9ucdxmum.2021-08-02.AKT
2021-08-01 17:00:00,,,2.891299,OSMO,,,,,staking,lp_reward,osmo16kcdjt4rvskyeuadt6hp850v529wtd9ucdxmum.2021-08-01.OSMO
2021-08-01 17:00:00,,,0.231741,AKT,,,,,staking,lp_reward,osmo16kcdjt4rvskyeuadt6hp850v529wtd9ucdxmum.2021-08-01.AKT
2021-07-31 17:00:00,,,2.884059,OSMO,,,,,staking,lp_reward,osmo16kcdjt4rvskyeuadt6hp850v529wtd9ucdxmum.2021-07-31.OSMO
2021-07-31 17:00:00,,,0.230981,AKT,,,,,staking,lp_reward,osmo16kcdjt4rvskyeuadt6hp850v529wtd9ucdxmum.2021-07-31.AKT
2021-07-30 19:31:04,,,3.490695,OSMO,0.0035,OSMO,,,staking,,D6C54ACF3EA95DFA308C99EE7CA53FBB04D37DC81FCDD63ED260136800FD2B49-0
2021-07-30 17:00:00,,,2.90317,OSMO,,,,,staking,lp_reward,osmo16kcdjt4rvskyeuadt6hp850v529wtd9ucdxmum.2021-07-30.OSMO
2021-07-30 17:00:00,,,0.232043,AKT,,,,,staking,lp_reward,osmo16kcdjt4rvskyeuadt6hp850v529wtd9ucdxmum.2021-07-30.AKT
2021-07-29 19:08:45,,,4.423357,OSMO,0.0035,OSMO,,,staking,,B2E4775062B06D8EDB56CC5B44EC169D73D46663553E5953261997BF19ECF359-0
2021-07-29 17:00:00,,,2.893529,OSMO,,,,,staking,lp_reward,osmo16kcdjt4rvskyeuadt6hp850v529wtd9ucdxmum.2021-07-29.OSMO
2021-07-29 17:00:00,,,0.231097,AKT,,,,,staking,lp_reward,osmo16kcdjt4rvskyeuadt6hp850v529wtd9ucdxmum.2021-07-29.AKT
2021-07-28 17:47:11,,,3.480452,OSMO,0.0035,OSMO,,,staking,,9F5E99C6D5B59A52BFC0EA500823DB61AF24705F0D1EA6A6A5EC6773A5664871-0
2021-07-28 17:00:00,,,2.892103,OSMO,,,,,staking,lp_reward,osmo16kcdjt4rvskyeuadt6hp850v529wtd9ucdxmum.2021-07-28.OSMO
2021-07-28 17:00:00,,,0.230951,AKT,,,,,staking,lp_reward,osmo16kcdjt4rvskyeuadt6hp850v529wtd9ucdxmum.2021-07-28.AKT
2021-07-27 18:28:35,,,0.000008000,OSMO,0.00625,OSMO,,,staking,,811942B34BC1F5B2F8A8803C188428294649552528AF57C8A004480B51004088-0
2021-07-27 18:28:01,,,3.463567,OSMO,0.0035,OSMO,,,staking,,59369C5378F065D63F72A7D392E98BC3CFE5E0242463872D7A17E400331D7286-0
2021-07-27 17:00:00,,,2.888762,OSMO,,,,,staking,lp_reward,osmo16kcdjt4rvskyeuadt6hp850v529wtd9ucdxmum.2021-07-27.OSMO
2021-07-27 17:00:00,,,0.23036,AKT,,,,,staking,lp_reward,osmo16kcdjt4rvskyeuadt6hp850v529wtd9ucdxmum.2021-07-27.AKT
2021-07-26 17:27:46,,,0.000009000,OSMO,0.00625,OSMO,,,staking,,A7C80EBCF999D345C9B5DB34F9EBF21A434B2648CA29F432F08C194742DBEDAA-0
2021-07-26 17:27:15,,,3.450916,OSMO,0.0035,OSMO,,,staking,,08E35A70632BAA7A8B2D49ED88577D53D4BFD7074BE550DF72826B8E438F9375-0
2021-07-26 17:00:00,,,2.904997,OSMO,,,,,staking,lp_reward,osmo16kcdjt4rvskyeuadt6hp850v529wtd9ucdxmum.2021-07-26.OSMO
2021-07-26 17:00:00,,,0.231482,AKT,,,,,staking,lp_reward,osmo16kcdjt4rvskyeuadt6hp850v529wtd9ucdxmum.2021-07-26.AKT
2021-07-25 18:17:52,,,3.453048,OSMO,0.0035,OSMO,,,staking,,4B1CC9044A9EB7F3B7A8A83918D143A711A7C65129AE351776F86CF7CBC278C2-0
2021-07-25 17:00:00,,,2.900973,OSMO,,,,,staking,lp_reward,osmo16kcdjt4rvskyeuadt6hp850v529wtd9ucdxmum.2021-07-25.OSMO
2021-07-25 17:00:00,,,0.23123,AKT,,,,,staking,lp_reward,osmo16kcdjt4rvskyeuadt6hp850v529wtd9ucdxmum.2021-07-25.AKT
2021-07-24 19:17:27,,,3.450328,OSMO,0.0035,OSMO,,,staking,,455C3C6A62CB605D9F92848C1AB1E783F5FCC443A6F45CC92B851CACE3A83FEE-0
2021-07-24 17:00:00,,,2.936212,OSMO,,,,,staking,lp_reward,osmo16kcdjt4rvskyeuadt6hp850v529wtd9ucdxmum.2021-07-24.OSMO
2021-07-24 17:00:00,,,0.233751,AKT,,,,,staking,lp_reward,osmo16kcdjt4rvskyeuadt6hp850v529wtd9ucdxmum.2021-07-24.AKT
2021-07-23 18:25:02,,,3.429212,OSMO,0.0035,OSMO,,,staking,,B102206B88AA886B0F7314D2CC47E992A36B72175F303D2E0A31A465462246C4-0
2021-07-23 17:00:00,,,3.232369,OSMO,,,,,staking,lp_reward,osmo16kcdjt4rvskyeuadt6hp850v529wtd9ucdxmum.2021-07-23.OSMO
2021-07-23 17:00:00,,,0.234788,AKT,,,,,staking,lp_reward,osmo16kcdjt4rvskyeuadt6hp850v529wtd9ucdxmum.2021-07-23.AKT
2021-07-22 22:24:51,,,3.448659,OSMO,0.0035,OSMO,,,staking,,E8C9F4ABBFAF0FB2C4594D688C4BB42E3F7099ED3790B562052882837620859A-0
2021-07-22 17:00:00,,,3.26318,OSMO,,,,,staking,lp_reward,osmo16kcdjt4rvskyeuadt6hp850v529wtd9ucdxmum.2021-07-22.OSMO
2021-07-22 17:00:00,,,0.235608,AKT,,,,,staking,lp_reward,osmo16kcdjt4rvskyeuadt6hp850v529wtd9ucdxmum.2021-07-22.AKT
2021-07-21 17:32:44,,,0.000013000,OSMO,0.00625,OSMO,,,staking,,5306BA59B78CA29F57F5F1A423D60E2C4B707667F063D47CB97966635DD33311-0
2021-07-21 17:32:17,,,3.469683,OSMO,0.0035,OSMO,,,staking,,8686819CC5CF590C672DC2C921D44EF4D13224ABFD1DD7D1E46D4C2C943A319F-0
2021-07-21 17:00:00,,,3.293689,OSMO,,,,,staking,lp_reward,osmo16kcdjt4rvskyeuadt6hp850v529wtd9ucdxmum.2021-07-21.OSMO
2021-07-21 17:00:00,,,0.237757,AKT,,,,,staking,lp_reward,osmo16kcdjt4rvskyeuadt6hp850v529wtd9ucdxmum.2021-07-21.AKT
2021-07-20 19:50:22,,,3.494678,OSMO,0.0035,OSMO,,,staking,,6664FF2F77BB071405AD89DE160850A41DC7A0BDF5E8CF00C563370C15B4A3EA-0
2021-07-20 17:00:00,,,3.314142,OSMO,,,,,staking,lp_reward,osmo16kcdjt4rvskyeuadt6hp850v529wtd9ucdxmum.2021-07-20.OSMO
2021-07-20 17:00:00,,,0.23922,AKT,,,,,staking,lp_reward,osmo16kcdjt4rvskyeuadt6hp850v529wtd9ucdxmum.2021-07-20.AKT
2021-07-19 18:55:22,,,0.000007000,OSMO,0.00625,OSMO,,,staking,,1B802A973ABD0C786FEA8BD58E88DED250DC6D2DC9CF8233B574C4741E5736C4-0
2021-07-19 18:54:38,,,3.486048,OSMO,0.0035,OSMO,,,staking,,E9B8FB4852684FD83688FEFE09431DD7444B85BD7BF8793698973B9F5ABFBF4A-0
2021-07-19 17:00:00,,,3.357481,OSMO,,,,,staking,lp_reward,osmo16kcdjt4rvskyeuadt6hp850v529wtd9ucdxmum.2021-07-19.OSMO
2021-07-19 17:00:00,,,0.242608,AKT,,,,,staking,lp_reward,osmo16kcdjt4rvskyeuadt6hp850v529wtd9ucdxmum.2021-07-19.AKT
2021-07-18 17:17:16,,,0.000011000,OSMO,0.00625,OSMO,,,staking,,6E7FBE65969BC9DA0EF2DC2DDA99B3C2094C72367CF1D7BE29AEB187170DC6FD-0
2021-07-18 17:16:39,,,3.502971,OSMO,0.0035,OSMO,,,staking,,1D8A3DB7751E8222C836C494DC187C7760DDE7DD0CF49B475D85C0BF7587F874-0
2021-07-18 17:00:00,,,3.422624,OSMO,,,,,staking,lp_reward,osmo16kcdjt4rvskyeuadt6hp850v529wtd9ucdxmum.2021-07-18.OSMO
2021-07-18 17:00:00,,,0.244991,AKT,,,,,staking,lp_reward,osmo16kcdjt4rvskyeuadt6hp850v529wtd9ucdxmum.2021-07-18.AKT
2021-07-18 10:22:47,59.234377,ATOM,,,0.0175,OSMO,,,,,C5157C1B3399811C7A19D857479A32F6C4E299D3317032B774A23B00B9258927-0
2021-07-18 10:22:16,37.0,XPRT,20.11019,ATOM,0.015,OSMO,,,,,6FAC6B9DC51C6C70592963980465356524F3098C37EC13CC2492D1B3E66B28B7-0
2021-07-18 10:21:52,173.400766,AKT,39.124187,ATOM,0.015,OSMO,,,,,072E042EFE719EDEEA794943C761EA34961E8A00CC76FE1FEF2B4647BA415077-0
2021-07-18 10:21:21,0.1,AKT,0.17917,OSMO,,,,,,,00FC474FD6500BECF523F2CEB7D276781EA43771A2BB47EB1640DCB5F6CBFC2D-0
2021-07-18 10:19:25,,,37.0,XPRT,,,,,,,776069789EFAA618ABDFF46189AB22C9778A00E329FBB000676EEEA8CACAEE3C-1
2021-07-18 10:18:34,,,173.0,AKT,,,,,,,4EB713029D5C8C8B365DEB07F953E462CD0AC2BF952B8F6C545B2DC7424BC179-1
2021-07-17 17:27:54,,,0.000007000,OSMO,0.00625,OSMO,,,staking,,7F4F6A227A893220A8CB07CF555E66651B9392A027743F465B89D8D2BE2D15FB-0
2021-07-17 17:27:20,,,3.48884,OSMO,0.0035,OSMO,,,staking,,49B8442A41662C179ED68C6F638AD4869495C8A31DB337FEE64735CA2644E591-0
2021-07-17 17:00:00,,,3.470312,OSMO,,,,,staking,lp_reward,osmo16kcdjt4rvskyeuadt6hp850v529wtd9ucdxmum.2021-07-17.OSMO
2021-07-17 17:00:00,,,0.248028,AKT,,,,,staking,lp_reward,osmo16kcdjt4rvskyeuadt6hp850v529wtd9ucdxmum.2021-07-17.AKT
2021-07-16 17:17:52,,,0.000004000,OSMO,0.00625,OSMO,,,staking,,0363875E2FE89733E2290C4F9A032C48B2AF7A00F32D1DCF3735D812409196ED-0
2021-07-16 17:16:23,,,3.480434,OSMO,0.0035,OSMO,,,staking,,984AA45B6C1FF666649B832DCF4865F3C17BB9E11C1D40ABCD949CA6EF2E1911-0
2021-07-16 17:00:00,,,3.536065,OSMO,,,,,staking,lp_reward,osmo16kcdjt4rvskyeuadt6hp850v529wtd9ucdxmum.2021-07-16.OSMO
2021-07-16 17:00:00,,,0.252697,AKT,,,,,staking,lp_reward,osmo16kcdjt4rvskyeuadt6hp850v529wtd9ucdxmum.2021-07-16.AKT
2021-07-15 18:55:18,,,3.464858,OSMO,0.0035,OSMO,,,staking,,2C4E7D940F0AB0BEC35B656049802FC9B12C47AB0486C97085203D7D9C500430-0
2021-07-15 17:00:00,,,3.755806,OSMO,,,,,staking,lp_reward,osmo16kcdjt4rvskyeuadt6hp850v529wtd9ucdxmum.2021-07-15.OSMO
2021-07-14 17:20:36,,,0.000004000,OSMO,0.00625,OSMO,,,staking,,38A5B9197F3A53729522BF9DC02C67C02C66C6D6761216EFC50790395A403CD2-0
2021-07-14 17:20:04,,,3.429615,OSMO,0.0035,OSMO,,,staking,,710DA1E3BFDAEA8E3EC9E33AE2D95BFC40D1518E02071AB868EC78A9A6E56F80-0
2021-07-14 17:00:00,,,3.828832,OSMO,,,,,staking,lp_reward,osmo16kcdjt4rvskyeuadt6hp850v529wtd9ucdxmum.2021-07-14.OSMO
2021-07-13 19:59:41,,,0.000003000,OSMO,0.00625,OSMO,,,staking,,AA63920BD1C85738339DF51AA6054EEE19A24C710BD8D371CE590F57ECACD005-0
2021-07-13 19:59:09,,,3.405942,OSMO,0.0035,OSMO,,,staking,,4F737911519302EC22FE93495E5BE0FE5EAC8B6F3648C1B9B03A2F748971F163-0
2021-07-13 17:00:00,,,3.846539,OSMO,,,,,staking,lp_reward,osmo16kcdjt4rvskyeuadt6hp850v529wtd9ucdxmum.2021-07-13.OSMO
2021-07-12 19:12:40,,,3.366803,OSMO,0.0035,OSMO,,,staking,,D405AAAAE5C4CA3E5F25A8E387727EB508B8ACE6E0C675A369E3D639C09212D1-0
2021-07-12 17:00:00,,,3.901897,OSMO,,,,,staking,lp_reward,osmo16kcdjt4rvskyeuadt6hp850v529wtd9ucdxmum.2021-07-12.OSMO
2021-07-11 18:45:13,,,3.362641,OSMO,0.0035,OSMO,,,staking,,7AD5DD24EAF2135B35DAFA624A959FDBD72CB398C7E08B5647257BE30145F325-0
2021-07-11 17:00:00,,,3.934742,OSMO,,,,,staking,lp_reward,osmo16kcdjt4rvskyeuadt6hp850v529wtd9ucdxmum.2021-07-11.OSMO
2021-07-11 08:15:26,,,3.33182,OSMO,0.0035,OSMO,,,staking,,589D7AFDB535CD7B9C5F4A83865972E7A578210DFBD4D3D3C9715B36E693F096-0
2021-07-10 17:00:00,,,3.936361,OSMO,,,,,staking,lp_reward,osmo16kcdjt4rvskyeuadt6hp850v529wtd9ucdxmum.2021-07-10.OSMO
2021-07-09 19:42:12,,,0.000001000,OSMO,0.00625,OSMO,,,staking,,D24429B9E88FC4BAED4A0FA245265047C3220ACFBF8E14A89E9F92B32D7BEC2A-0
2021-07-09 19:41:34,,,3.310438,OSMO,0.0035,OSMO,,,staking,,64392EE99AC5F0AA4D9AA7D420FAAF160A3C0065539FE4B8EA494C5E1FEBC4B0-0
2021-07-09 17:00:00,,,3.951762,OSMO,,,,,staking,lp_reward,osmo16kcdjt4rvskyeuadt6hp850v529wtd9ucdxmum.2021-07-09.OSMO
2021-07-08 17:56:12,,,0.000010000,OSMO,0.00625,OSMO,,,staking,,4C1535A48FA440432CD51841E780C59F3BC735B9EB5AC1EBB98F623350AFF50C-0
2021-07-08 17:55:35,,,3.250479,OSMO,0.0035,OSMO,,,staking,,D462B417AA597273BFA3B2CB62F63F12E410AEB72245E404E77FA978E7551AFF-0
2021-07-08 17:00:00,,,3.492273,OSMO,,,,,staking,lp_reward,osmo16kcdjt4rvskyeuadt6hp850v529wtd9ucdxmum.2021-07-08.OSMO
2021-07-07 19:00:24,,,3.23029,OSMO,0.0035,OSMO,,,staking,,FEDD2A3E2CFA74C53DBE689FBDF488A618E13A2313844DB047795077077FBA8E-0
2021-07-07 17:00:00,,,3.529348,OSMO,,,,,staking,lp_reward,osmo16kcdjt4rvskyeuadt6hp850v529wtd9ucdxmum.2021-07-07.OSMO
2021-07-06 17:45:13,,,0.000013000,OSMO,0.00625,OSMO,,,staking,,7CDCDEE252625275EC450702C3989075D2E80E5E24283646FD1BE00A01355E07-0
2021-07-06 17:44:47,,,3.203928,OSMO,0.0035,OSMO,,,staking,,DA3E416D9319F12CA8AAA4CF55C609384337543797071C252B967FB19687CEA9-0
2021-07-06 17:00:00,,,3.561233,OSMO,,,,,staking,lp_reward,osmo16kcdjt4rvskyeuadt6hp850v529wtd9ucdxmum.2021-07-06.OSMO
2021-07-05 20:38:19,,,3.147187,OSMO,0.0035,OSMO,,,staking,,D1FDDA1435361615FD3C81368988AF0EBCF68BE2ADD3DA59FF8F83CE194C91A6-0
2021-07-05 17:00:00,,,3.61794,OSMO,,,,,staking,lp_reward,osmo16kcdjt4rvskyeuadt6hp850v529wtd9ucdxmum.2021-07-05.OSMO
2021-07-04 18:38:28,,,3.119819,OSMO,0.0035,OSMO,,,staking,,BEABF5EB1D1EEED0A811E4223A4C78F4E01FE16B7B184D147CAD175B7CCFA382-0
2021-07-04 17:00:00,,,3.642972,OSMO,,,,,staking,lp_reward,osmo16kcdjt4rvskyeuadt6hp850v529wtd9ucdxmum.2021-07-04.OSMO
2021-07-03 20:02:17,,,3.066165,OSMO,0.0035,OSMO,,,staking,,41952A6D727E43545F55009642A57CEDCFE0104E9D096FCABDA5C4674FF3A72D-0
2021-07-03 17:00:00,,,4.959128,OSMO,,,,,staking,lp_reward,osmo16kcdjt4rvskyeuadt6hp850v529wtd9ucdxmum.2021-07-03.OSMO
2021-07-02 19:13:41,,,0.000006000,OSMO,0.00625,OSMO,,,staking,,BCC091C4383C54AD1941D1351F5D971E9965FFDC5C29F658A644079629C0E8EB-0
2021-07-02 19:13:09,,,3.479336,OSMO,0.0035,OSMO,,,staking,,DCF7CD48390DA6C1D08D2147ADC67B552BFB289BF2FC6A1B4B9411FF5EF21B47-0
2021-07-02 17:00:00,,,5.016049,OSMO,,,,,staking,lp_reward,osmo16kcdjt4rvskyeuadt6hp850v529wtd9ucdxmum.2021-07-02.OSMO
2021-07-01 18:12:26,,,3.968557,OSMO,0.0035,OSMO,,,staking,,7F675679584A4BDDEA0ADCA0F5015523ED85F7FCF26E780F861FA232B3BA3FB1-0
2021-07-01 17:00:00,,,5.243109,OSMO,,,,,staking,lp_reward,osmo16kcdjt4rvskyeuadt6hp850v529wtd9ucdxmum.2021-07-01.OSMO
2021-06-30 21:18:16,,,3.275171,OSMO,0.0035,OSMO,,,staking,,52B77ED346CD12755CED0B2CD04D2619B8D88C5AAEC67D840647DB41F933E43C-0
2021-06-30 17:00:00,,,5.653586,OSMO,,,,,staking,lp_reward,osmo16kcdjt4rvskyeuadt6hp850v529wtd9ucdxmum.2021-06-30.OSMO
2021-06-29 18:05:14,,,0.000002000,OSMO,0.00625,OSMO,,,staking,,651714F8F6EA12A4D78D32D6E32A2B77CCB187B7D05B068DA1ED5BA2BEE5D01C-0
2021-06-29 18:04:02,,,3.153843,OSMO,0.0035,OSMO,,,staking,,D37AB151FF4DF0B035D96F87AAD67CBB42D33A28EC424FE8CD983AF02DB5F3A9-0
2021-06-29 17:00:00,,,6.019854,OSMO,,,,,staking,lp_reward,osmo16kcdjt4rvskyeuadt6hp850v529wtd9ucdxmum.2021-06-29.OSMO
2021-06-28 19:21:23,,,0.000041000,OSMO,0.00625,OSMO,,,staking,,37C6254B8D0660A3CB37B05C690C9BC7DC7E2DEDCF9F195F855B2E63C5FA04C0-0
2021-06-28 19:17:24,,,3.093036,OSMO,0.0035,OSMO,,,staking,,3C17A8FDB624C6FD09F068471460414D04AC3E2990AABD972159F8DCE6896B75-0
2021-06-28 17:00:00,,,6.516549,OSMO,,,,,staking,lp_reward,osmo16kcdjt4rvskyeuadt6hp850v529wtd9ucdxmum.2021-06-28.OSMO
2021-06-27 18:03:26,,,0.000160000,OSMO,0.00875,OSMO,,,staking,,1370807797D568AE25C9EC4FD0AE20AFF7AE84C4ACE6FF0F48E00D4520B09BEF-0
2021-06-27 17:43:01,,,0.000080000,OSMO,0.0049,OSMO,,,staking,,48ABB75585FBA543AAA8CB40EBBC2C3054AD7772E8832A6B9D323B36F9129B5A-0
2021-06-27 17:34:44,,,3.026208,OSMO,0.0035,OSMO,,,staking,,BC32A765CDC35643463F02B8192EAB797EC0C537E3D2C84C1DA44377BA3CAFD6-0
2021-06-27 17:00:00,,,7.065398,OSMO,,,,,staking,lp_reward,osmo16kcdjt4rvskyeuadt6hp850v529wtd9ucdxmum.2021-06-27.OSMO
2021-06-26 22:37:29,,,2.911156,OSMO,0.0035,OSMO,,,staking,,EA567212B873A2F1375162E02087DAEFCC6C37DC099ECC65EBE30A286C50FF2C-0
2021-06-26 17:00:00,,,7.295734,OSMO,,,,,staking,lp_reward,osmo16kcdjt4rvskyeuadt6hp850v529wtd9ucdxmum.2021-06-26.OSMO
2021-06-25 21:50:52,,,0.000006000,OSMO,0.00625,OSMO,,,staking,,9EAB7F2FAB0261172B1BC2C6A4688D696FE17DFE0EE908519DB40D4E08443E97-0
2021-06-25 21:49:56,,,3.101543,OSMO,0.0035,OSMO,,,staking,,BE42433325AC8A7876FB2CEF6283F60A7557A883FC45C5F025DE59C0922EBDED-0
2021-06-25 17:00:00,,,7.857927,OSMO,,,,,staking,lp_reward,osmo16kcdjt4rvskyeuadt6hp850v529wtd9ucdxmum.2021-06-25.OSMO
2021-06-24 17:35:09,,,0.000095000,OSMO,0.00625,OSMO,,,staking,,D5163285202B77EE8049D6B7DA911A8F1CEDB3150948A6805380E55A20F68E19-0
2021-06-24 17:26:29,,,9.490847,OSMO,0.0035,OSMO,,,staking,,BE7583BAF570CA395A4E7EC7128D0E340E0E917E80B708F4885F7D970BDDAB75-0
2021-06-24 17:00:00,,,11.722901,OSMO,,,,,staking,lp_reward,osmo16kcdjt4rvskyeuadt6hp850v529wtd9ucdxmum.2021-06-24.OSMO
2021-06-22 09:26:11,,,0.000001000,OSMO,0.00625,OSMO,,,staking,,A95901DCE66ED399434D65FCD4173258BD0BABF5B625948F226C0C97A7EF21F1-0
2021-06-22 09:25:40,,,11.005985,OSMO,0.0035,OSMO,,,staking,,2F6811B36738B3912F4E43E60BEF39D5B1AF404251572F0C24DD3BE0B7FF165E-0
2021-06-20 08:12:51,1.868261,ATOM,10.332169,OSMO,0.0105,OSMO,,,,,8486FDC4B2660CF48258B91738524B5FE9B5B1A39C349D4EE43DD7758C976B01-0
2021-06-20 08:11:43,217.882799,AKT,,,0.00875,OSMO,,,,liquidity pool deposit,2933D057C90BEDC8A72EDA3B07CCB3720826777C8518074EFEC4A872F187E13E-0
2021-06-20 08:11:43,28.314681,ATOM,,,,,,,,liquidity pool deposit,2933D057C90BEDC8A72EDA3B07CCB3720826777C8518074EFEC4A872F187E13E-0
2021-06-20 08:11:06,20.0,ATOM,79.091015,AKT,0.0075,OSMO,,,,,9DEFA79E0A39487CBDC1CE78171F75A8D58C2F6E0ABB31EC67995ACEF5C9FAAB-0
2021-06-20 08:09:06,280.0,OSMO,50.182942,ATOM,0.0105,OSMO,,,,,69378D9C2AF948C844B44804D65FC3C7CF8B3EAD53351A7DDAB54EDD4DF7661C-0
2021-06-20 08:07:11,,,138.783192,AKT,,,,,,liquidity pool withdraw,007D06037301DC099005CC304CDD8DE0BD1B96D6174E3BA914603D765C6A30A2-0
2021-06-20 08:07:11,,,179.658256,OSMO,,,,,,liquidity pool withdraw,007D06037301DC099005CC304CDD8DE0BD1B96D6174E3BA914603D765C6A30A2-0
2021-06-19 22:16:27,60.799999,AKT,,,0.00875,OSMO,,,,liquidity pool deposit,6020D18DB3AFD3F288A3463AE26E9EF120004E0DDE676BB6510285B923C15333-0
2021-06-19 22:16:27,61.300381,OSMO,,,,,,,,liquidity pool deposit,6020D18DB3AFD3F288A3463AE26E9EF120004E0DDE676BB6510285B923C15333-0
2021-06-19 22:15:50,50.0,OSMO,49.758725,AKT,0.0075,OSMO,,,,,BCDD25DF916799B8C66F2D50ADFC3D113FFBE48F1BE3B9E8AAFA7CE459857D89-0
2021-06-19 22:11:09,,,101.961008,OSMO,0.00625,OSMO,,,staking,,B645E695148F9E8C1396554710EFA710C19310C942D3BB4F2E3613812E8E73E9-0
2021-06-19 22:09:54,,,101.961008,OSMO,0.00625,OSMO,,,staking,,068A5E8F8697A1BB0D56EDB6A6EAB478E7606636AFEFF0E81BC529A82E154D11-0
2021-06-19 22:09:54,99.313989,AKT,,,0.00625,OSMO,,,,liquidity pool deposit,068A5E8F8697A1BB0D56EDB6A6EAB478E7606636AFEFF0E81BC529A82E154D11-0
2021-06-19 22:09:54,93.929599,OSMO,,,,,,,,liquidity pool deposit,068A5E8F8697A1BB0D56EDB6A6EAB478E7606636AFEFF0E81BC529A82E154D11-0
2021-06-19 22:08:01,,,101.961008,OSMO,0.0075,OSMO,,,staking,,660346F3D2794AF6C2F92C2B1D22A971B40C08D511882D7A630F9439B4FF6813-0
2021-06-19 22:08:01,101.949008,OSMO,110.363896,AKT,0.0075,OSMO,,,,,660346F3D2794AF6C2F92C2B1D22A971B40C08D511882D7A630F9439B4FF6813-0
